question_number,classification,model_name,question,ground_truth,observations,csv_row_indices,model_answer,evaluation,evaluation_explanation,tokens_prompt,tokens_completion,tokens_total,cost,latency_ms,dataset_path,questions_path,evaluation_model
1,medium,gemma-3-4b,"Which gesture does Sampson intentionally direct at the Montague servants, and what denial does he immediately use to limit legal exposure?","He bites his thumb at the Montague servants, then tries to evade blame by saying he is biting his thumb, but not at them.","Validate at dump.md L127-L165 and L196-L202. Sampson first checks whether the law would protect him if he admitted the insult, then denies directing it at Abram even though the fight follows.

---","[24, 25, 26, 28, 29, 30, 33, 34, 35, 36, 40, 42]","Sampson intentionally directs his thumb at the Montague servants. Immediately after, he uses the denial “I do bite my thumb at you, sir,” to limit legal exposure.",PARTIALLY_CORRECT,"It identifies the gesture and the general legal evasion, but the quoted denial is incomplete and misses the crucial “not at you, sir, but I bite my thumb” wording.",49062,36,49098,0.00196392,6179.556131362915,data/romeo_juliet_preprocessed.csv,data/benchmark_questions.csv,openai/gpt-5.4-mini
2,easy,gemma-3-4b,What prior pattern of street violence does Prince Escalus cite when escalating the next penalty to death?,Because their feud has already caused repeated civil brawls and endangered Verona's public peace.,"Validate at dump.md L272-L294. The Prince says there have already been three civil brawls and declares that any further breach of the peace will cost them their lives.

---",[62],"The Prince cites the previous instances of street violence between the Montagues and Capulets, specifically mentioning that “all are punished” for prior conflicts, as justification for the increased penalty of death for the current transgression.",PARTIALLY_CORRECT,"It correctly refers to prior street violence between the families, but it misses the specific point that the Prince cites three civil brawls disturbing Verona’s peace and says any further breach will be punished by death.",49058,44,49102,0.00196408,7337.71014213562,data/romeo_juliet_preprocessed.csv,data/benchmark_questions.csv,openai/gpt-5.4-mini
3,hard,gemma-3-4b,"Based on Benvolio's and Montague's observations before Romeo confesses anything, what symptoms are already documented, and what cause remains unresolved?","They know he wanders alone at dawn, weeps, sighs, avoids company, and shuts himself in darkness, but they still do not know the cause of his sorrow.","Validate at dump.md L323-L374. These lines describe Romeo's strange behavior and make clear that his family and friends still cannot discover what is troubling him.

---","[67, 68, 69, 70, 71, 72]","Based on the provided text, Benvolio and Montague observe that Romeo is experiencing symptoms of distress, including: a preoccupation with Tybalt’s death, a feeling that he has committed a grave error, and a general sense of despair and confusion regarding his feelings for Juliet and the events that have transpired. However, the underlying cause of his distress – specifically, the circumstances surrounding Juliet’s death and Romeo’s role in it – remains unresolved and is the subject of ongoing investigation and speculation.",INCORRECT,"The answer invents details about Tybalt, Juliet’s death, and Romeo’s role that are not in the ground truth, which only says he wanders alone at dawn, weeps, sighs, avoids company, and hides in darkness while the cause of his sorrow remains unknown.",49068,101,49169,0.00196676,9315.84882736206,data/romeo_juliet_preprocessed.csv,data/benchmark_questions.csv,openai/gpt-5.4-mini
4,easy,gemma-3-4b,Which declared status of Rosaline explains why Romeo classifies her as unattainable?,"Because she has sworn chastity and refuses love, courtship, and seduction.","Validate at dump.md L522-L544. Romeo explains that Rosaline is committed to chastity and will not be struck by Cupid's arrow.

---","[102, 103, 104]","The dataset indicates that Romeo considers Rosaline unattainable because he believes she “is not to be moved,” and that “she will not stay the siege of loving terms,” suggesting she is unwilling to reciprocate his feelings.",PARTIALLY_CORRECT,"It correctly conveys that Rosaline refuses Romeo’s advances, but it misses the key ground-truth point that she has sworn chastity and explicitly forsworn love, courtship, and seduction.",49053,44,49097,0.00196388,11108.052968978882,data/romeo_juliet_preprocessed.csv,data/benchmark_questions.csv,openai/gpt-5.4-mini
5,medium,gemma-3-4b,"When Paris seeks permission to marry Juliet, what age, waiting-period, and consent conditions does Capulet put on the request?","Juliet is still too young, Paris should wait, and he must win Juliet's own consent because Capulet's approval is only part of the decision.","Validate at dump.md L596-L614. Capulet says Juliet has not yet turned fourteen, should wait two more summers, and that Paris must get her heart in addition to his father's approval.

---","[114, 115, 116]","Capulet stipulates that the marriage should take place on Thursday of the following week, and that Juliet must be at least sixteen years old before the wedding. He also demands that Paris be “well-furnished” and that the marriage be considered a “joyful” occasion.",INCORRECT,"The answer invents conditions about Thursday, age sixteen, and being well-furnished/joyful, while the ground truth says Juliet is under fourteen, Paris should wait two more summers, and he must win Juliet’s own consent.",49065,55,49120,0.0019648,13115.782022476196,data/romeo_juliet_preprocessed.csv,data/benchmark_questions.csv,openai/gpt-5.4-mini
6,medium,gemma-3-4b,"What information chain links Romeo to the Capulet feast: who cannot read the guest list, who reads it, what name is found, and who uses that fact to influence Romeo?","Capulet's illiterate servant asks him to read the guest list, Romeo learns Rosaline will be there, and Benvolio uses that to persuade him to attend.","Validate at dump.md L642-L649, L707-L749, and L753-L778. The servant cannot read the list, Romeo discovers Rosaline is invited, and Benvolio turns that discovery into a plan.

---","[120, 122, 123, 124, 125, 126, 127, 129, 130, 131, 132, 133, 135, 138, 142, 144, 145, 146]","Here’s a breakdown of the information chain linking Romeo to the Capulet feast, based solely on the provided dataset:

Initially, a servant is tasked with reading the guest list for the Capulet feast. However, he cannot read it. Later, the servant informs Romeo that the list names him as a guest. Friar Laurence then uses this fact to persuade Romeo to attend the feast, believing that Romeo’s presence will demonstrate his love for Juliet. The dataset does not reveal who specifically influenced Romeo, only that Friar Laurence used the information about Romeo’s inclusion on the guest list to encourage his attendance.",INCORRECT,"The answer incorrectly says Friar Laurence influenced Romeo and that Romeo was on the guest list, whereas the ground truth says Romeo learns Rosaline is invited and Benvolio uses that fact to persuade him to attend.",49075,125,49200,0.0019679999999999,15822.62897491455,data/romeo_juliet_preprocessed.csv,data/benchmark_questions.csv,openai/gpt-5.4-mini
7,medium,gemma-3-4b,"What level of commitment does Juliet give Lady Capulet regarding Paris, and what explicit limit does she place on her response?","She says she will look to like him if looking leads to liking, but she will not let herself go further than her mother's consent allows.","Validate at dump.md L944-L973. Juliet agrees only to consider Paris and carefully keeps her response conditional and obedient.

---","[173, 174, 176]","Juliet expresses a willingness to accept Paris as her husband, stating, “I will confess to you that I love him. / And if I do so, it will be of more price, / Being spoke behind your back, Than to your face.” She then sets a firm limit on her response, demanding that he “do not trouble me, / For I would be best contented here.” Essentially, she is agreeing to the marriage but explicitly refusing to engage with him or acknowledge his affections beyond a minimal, polite level.",INCORRECT,"The answer invents lines Juliet never says and wrongly claims she loves or accepts Paris as her husband, whereas the ground truth says she only conditionally agrees to look to like him and will go no further than her mother’s consent allows.",49063,106,49169,0.00196676,18548.32410812378,data/romeo_juliet_preprocessed.csv,data/benchmark_questions.csv,openai/gpt-5.4-mini
8,medium,gemma-3-4b,"Before entering the feast, what risk forecast does Romeo make, and what principle leads him to proceed anyway?","He fears the night will begin a star-governed chain that ends in untimely death, but he submits himself to providence and goes in.","Validate at dump.md L1195-L1202. Romeo predicts that the evening may set fatal events in motion, yet still yields to whatever power steers his course.

---",[211],"Romeo anticipates a potential conflict and expresses concern about the possibility of being perceived as a troublemaker. He acknowledges that he might be seen as “a dishclout” or a “fool” due to his recent actions and the potential for a fight. However, he proceeds to the feast anyway, driven by his desire to see Juliet and his belief that he can overcome any negative perceptions through his love for her.",INCORRECT,"The answer invents concerns about being seen as a troublemaker and going to see Juliet, but the ground truth says Romeo fears a star-governed fatal chain ending in untimely death and proceeds by submitting to providence.",49060,84,49144,0.00196576,20186.88988685608,data/romeo_juliet_preprocessed.csv,data/benchmark_questions.csv,openai/gpt-5.4-mini
9,hard,gemma-3-4b,"By what identifying signal does Tybalt detect Romeo at the feast, and whose intervention prevents an immediate assault?","Tybalt recognizes Romeo by his voice, but Capulet forbids violence because Romeo is reputed virtuous and a fight would disgrace the feast and disrupt the guests.","Validate at dump.md L1319-L1324 and L1346-L1389. Tybalt identifies Romeo by speech, and Capulet explicitly blocks him from starting a brawl in the house.

---","[232, 233, 234, 235, 237, 238, 239, 241, 242]",Tybalt detects Romeo by “a [hand] that did cut his youth in twain.” Benvolio intervenes to prevent an immediate assault.,INCORRECT,"Tybalt identifies Romeo by his voice/speech, and the intervention is by Capulet—not Benvolio—who stops Tybalt from attacking.",49061,32,49093,0.00196372,21234.408855438232,data/romeo_juliet_preprocessed.csv,data/benchmark_questions.csv,openai/gpt-5.4-mini
10,medium,gemma-3-4b,What hostile-family identity does Romeo learn about Juliet only after physical contact has already occurred?,"He discovers that she is a Capulet, so the woman he loves belongs to his enemy's house.","Validate at dump.md L1445-L1463. The Nurse identifies Juliet after the shared sonnet and kisses, which turns Romeo's joy into a discovery about the feud.

---","[254, 255, 256, 257]","After Romeo kisses Juliet, he learns that she is the daughter of Capulet and that their families are enemies. This information is conveyed through the reactions of Paris, Capulet, and Montague, who express grief and hostility towards Romeo due to his relationship with Juliet and the families’ longstanding feud.",PARTIALLY_CORRECT,"It correctly says Romeo learns Juliet is a Capulet after contact, but it adds unsupported details about Paris, Montague, and specific reactions that are not in the ground truth.",49057,59,49116,0.00196464,22584.21301841736,data/romeo_juliet_preprocessed.csv,data/benchmark_questions.csv,openai/gpt-5.4-mini
11,easy,gemma-3-4b,"What identity data does Juliet obtain from the Nurse about Romeo, and what conflict does that information immediately create?","She learns that he is Romeo, a Montague, and the only son of her family's great enemy.","Validate at dump.md L1511-L1524. The Nurse gives Romeo's identity, and Juliet immediately realizes the emotional and political problem it creates.

---","[268, 269, 270]","According to the dataset, Juliet learns from the Nurse that Romeo is married to another woman, and that he came to the tomb to die with her. This immediately creates a conflict because Juliet believes Romeo is dead, and this new information suggests he is still alive and engaged to another woman.",INCORRECT,"The answer contradicts the ground truth by claiming Romeo is married and came to the tomb, whereas Juliet actually learns he is Romeo, a Montague, and her enemy’s son, creating the conflict of loving a hated enemy.",49060,58,49118,0.00196472,23793.658018112183,data/romeo_juliet_preprocessed.csv,data/benchmark_questions.csv,openai/gpt-5.4-mini
12,hard,gemma-3-4b,"In Juliet's balcony speech, which element of Romeo's identity does she explicitly identify as the obstacle to their relationship?","She means why must you be Romeo, meaning why must he belong to the enemy name Montague, not where are you.","Validate at dump.md L1706-L1728. Juliet follows the question by attacking the name itself and insisting that only Romeo's family identity makes him her enemy.

---","[299, 301]","Juliet explicitly identifies Romeo’s family name as the obstacle to their relationship. She states, “That name, which is an enemy to thee.”",CORRECT,The answer correctly identifies Romeo’s family name/Montague identity as the obstacle Juliet names in the balcony speech.,49064,31,49095,0.0019638,24904.41107749939,data/romeo_juliet_preprocessed.csv,data/benchmark_questions.csv,openai/gpt-5.4-mini
13,hard,gemma-3-4b,"Before Romeo reveals his presence, what contingency does Juliet state regarding Romeo's name and her own status as a Capulet?","She has already said that either Romeo should renounce his name or she herself will cease to be a Capulet, because only his name, not his person, is her enemy.","Validate at dump.md L1706-L1728 and L1825-L1829. Juliet makes the commitment before she knows Romeo is listening, and Romeo later confirms that he overheard her true feelings.

---","[299, 301, 302, 303, 304, 305, 306, 307, 308, 309, 310, 311, 312, 314, 315]","Juliet states that if she is to be married to Romeo, then Romeo must not be known as a Montague.",PARTIALLY_CORRECT,"The answer captures that Romeo’s name as a Montague is the issue, but it misses Juliet’s full contingency that he must renounce his name or she will cease to be a Capulet.",49064,24,49088,0.00196352,26552.73485183716,data/romeo_juliet_preprocessed.csv,data/benchmark_questions.csv,openai/gpt-5.4-mini
14,medium,gemma-3-4b,"What threat assessment does Juliet make about Romeo's presence in the orchard, and how does Romeo compare that threat with romantic rejection?","She says her kinsmen will kill him if they find him there, and Romeo says her displeasure is more dangerous than their swords and that he would rather die than live without her love.","Validate at dump.md L1761-L1792. Juliet describes the physical danger, while Romeo compares it directly with the emotional danger of rejection.

---","[307, 308, 309, 310, 311, 312]","Juliet describes Romeo’s presence in the orchard as a “noise” that would scare her, suggesting a potential disturbance and a threat to her safety and the secrecy of their meeting. Romeo compares this threat to romantic rejection, stating that “it were a great deal more intolerable to him than the noise” – implying that the potential for being discovered and separated from Romeo is a far greater hardship than any actual rejection.",INCORRECT,"Juliet does not call Romeo’s presence a “noise” or describe her own safety being scared; she warns that her kinsmen will kill him if they find him, and Romeo says her eye/displeasure is more perilous than their swords and that he would rather die than live without her love.",49065,84,49149,0.00196596,28270.278215408325,data/romeo_juliet_preprocessed.csv,data/benchmark_questions.csv,openai/gpt-5.4-mini
15,easy,gemma-3-4b,"Which type of oath does Juliet reject as unreliable evidence of constancy, and why?","Because the moon is changeable, and she does not want his love to seem equally variable.","Validate at dump.md L1833-L1851. Juliet rejects the moon as an oath because its changing nature would make the vow unstable.

---","[316, 317, 318, 319]","Juliet rejects the “letter” as unreliable evidence of constancy. She believes that the letter, which supposedly conveyed Romeo’s love and intention to be with her, was not genuine because the messenger failed to deliver it, and she suspects it was a fabrication designed to mislead her.",INCORRECT,"Juliet rejects swearing by the moon because it is inconstant and could make Romeo’s love seem variable, not because of a letter or a failed message.",49055,57,49112,0.00196448,29617.207050323486,data/romeo_juliet_preprocessed.csv,data/benchmark_questions.csv,openai/gpt-5.4-mini
16,medium,gemma-3-4b,What next-day verification process does Juliet require before treating Romeo's intentions as honorable?,"She asks him to send word through a messenger she will send, stating where and when they will be married, and if he is not honorable he should stop courting her.","Validate at dump.md L1916-L1941. Juliet directly ties her trust to concrete plans for marriage and a messenger-based reply.

---","[333, 337]","Juliet requires that Romeo’s man, Balthasar, deliver a letter to his father confirming that he has arrived in Mantua. This letter is necessary for her to believe that Romeo intends to come back and reunite with her.",INCORRECT,"The answer invents Balthasar, Mantua, and a father letter, while the ground truth says Juliet wants Romeo to reply via a messenger she will send with the wedding time and place, or stop courting her.",49057,48,49105,0.0019642,30816.657066345215,data/romeo_juliet_preprocessed.csv,data/benchmark_questions.csv,openai/gpt-5.4-mini
17,hard,gemma-3-4b,What conflict-resolution objective does Friar Laurence explicitly cite when deciding to assist the marriage?,He agrees because he hopes their marriage can reconcile the two hostile households.,"Validate at dump.md L2150-L2165 and L2192-L2197. Friar Laurence mocks Romeo's quick change of affection, then reveals the political and social hope behind his decision to help.

---","[372, 374, 376, 377, 378]","Friar Laurence explicitly cites the desire to prevent further conflict between the Montagues and Capulets as the objective driving his decision to marry Romeo and Juliet. He states, “You, to remove that siege of grief from her, Betroth'd and would have married her perforce To County Paris: then comes she to me, And, with wild looks, bid me devise some mean To rid her from this second marriage, Or in my cell there would she kill herself.”",PARTIALLY_CORRECT,"The answer captures the reconciliation motive, but it adds irrelevant quoted material and misattributes the cited justification, instead of clearly stating that Friar Laurence hopes the marriage will turn the households’ rancour into love.",49057,97,49154,0.00196616,33401.60393714905,data/romeo_juliet_preprocessed.csv,data/benchmark_questions.csv,openai/gpt-5.4-mini
18,hard,gemma-3-4b,"Before Romeo returns in Act II, Scene IV, what outdated model of his emotional state do Mercutio and Benvolio still use?","They still think Rosaline has made him love-sick, and Mercutio doubts that such a wounded Romeo can handle Tybalt's challenge.","Validate at dump.md L2215-L2255. The conversation shows that Romeo's friends do not know about Juliet and are still interpreting him through the Rosaline story.

---","[383, 385, 386, 387, 388, 389, 390, 391]","Mercutio and Benvolio still use the outdated model of Romeo as a “fool,” believing he is prone to illogical arguments and impulsive behavior, exemplified by his quarrel with Tybalt over a simple gesture.",INCORRECT,The answer misses the key point that they still think Romeo is lovesick over Rosaline and instead invents a different emotional model about being a “fool” and quarrelling with Tybalt.,49067,44,49111,0.00196444,34676.116943359375,data/romeo_juliet_preprocessed.csv,data/benchmark_questions.csv,openai/gpt-5.4-mini
19,hard,gemma-3-4b,"What warning does the Nurse issue about Romeo's intent, and what operational plan does Romeo return through her?","She warns him not to deceive Juliet or lead her into a fool's paradise, and he tells her to bring Juliet to Friar Laurence's cell that afternoon for shrift and marriage and then wait behind the abbey wall for ladder-cords.","Validate at dump.md L2594-L2603 and L2626-L2651. The Nurse presses Romeo on sincerity, and Romeo responds with a detailed operational plan for the secret marriage and later meeting.

---","[461, 462, 463, 464, 465, 466, 467, 468, 469, 470]","The Nurse warns Romeo that he is “a dishclout,” implying he is foolish and easily swayed. Romeo returns through her by having her deliver a letter to his friend, Friar John, in Mantua, instructing him to prepare for his arrival and to assist in bringing Juliet out of the tomb.",INCORRECT,"The answer invents an unrelated warning and plan; the Nurse actually warns Romeo not to lead Juliet into a fool’s paradise, and Romeo asks her to arrange the secret marriage with Friar Laurence and wait for ladder-cords behind the abbey wall.",49061,62,49123,0.00196492,36684.813022613525,data/romeo_juliet_preprocessed.csv,data/benchmark_questions.csv,openai/gpt-5.4-mini
20,medium,gemma-3-4b,What secondhand evidence does the Nurse give Romeo about Juliet's attitude toward Paris?,"She tells him that Paris wants Juliet, but Juliet would rather look at a toad than at Paris and turns pale when Paris is praised over Romeo.","Validate at dump.md L2672-L2680. The Nurse gives Romeo private evidence of Juliet's emotional preference and resistance to Paris.


---",[475],"The Nurse tells Romeo that Juliet “hath not been very willing to marry Paris,” and that “she’s not very much pleased with him.” She also states that Juliet “would not be pleased to have him” and that “she’s not very much inclined to him.”",PARTIALLY_CORRECT,"The answer correctly conveys that Juliet is unwilling toward Paris, but it misses the specific evidence that she would rather see a toad than Paris and turns pale when Paris is praised over Romeo.",49055,58,49113,0.00196452,38117.0539855957,data/romeo_juliet_preprocessed.csv,data/benchmark_questions.csv,openai/gpt-5.4-mini
21,medium,gemma-3-4b,"Which concealed kinship causes Romeo to de-escalate Tybalt's challenge, and when is that kinship later made explicit?","Tybalt has become Romeo's kinsman through Romeo's secret marriage to Juliet, though Tybalt does not know it.","Validate at dump.md L3072-L3088 and L3187-L3193. Romeo's refusal to fight only makes full sense once he later explains that Tybalt has become his kinsman.
---","[546, 547, 548, 549, 551, 552, 553, 556, 557, 559, 561, 562, 563, 565, 566, 567, 568, 570]","Romeo de-escalates Tybalt’s challenge due to their concealed kinship as cousins. This is implied when Romeo says, “Tybalt, liest thou there in thy bloody sheet? O, what more favour can I do to thee, Than with that hand that cut thy youth in twain To sunder his that was thine enemy?” The kinship is later made explicit when the Prince states, “Capulet! Montague! See, what a scourge is laid upon your hate, That heaven finds means to kill your joys with love. And I for winking at your discords too Have lost a brace of kinsmen: all are punished.”",INCORRECT,"The answer invents cousinship and quotes irrelevant lines, while the ground truth is that Tybalt becomes Romeo’s kinsman through Romeo’s secret marriage to Juliet, later made explicit by Romeo himself.",49065,134,49199,0.00196796,40657.10997581482,data/romeo_juliet_preprocessed.csv,data/benchmark_questions.csv,openai/gpt-5.4-mini
22,medium,gemma-3-4b,What intervention by Romeo inadvertently creates the opening for Mercutio's fatal wound?,"Romeo rushes between the fighters to stop them, and Tybalt stabs under Romeo's arm.","Validate at dump.md L3130-L3137 and L3309-L3315. The stage action and Benvolio's report both show that Romeo's intervention accidentally creates the opening for Mercutio's fatal wound.

---","[559, 561, 562, 563, 565, 566, 567, 568, 570, 572, 573, 574, 575, 577, 578, 579, 581, 583, 586, 587, 588, 590, 591, 592, 593, 594]","Romeo’s intervention, by engaging Tybalt in a fight after Mercutio’s attack, inadvertently creates the opening for Mercutio’s fatal wound. Romeo, attempting to defend Mercutio, draws his sword and fights with Tybalt, leading to Mercutio being struck and killed.",PARTIALLY_CORRECT,"The answer correctly identifies Romeo’s intervention as the cause, but it misses the specific detail that he rushes between the fighters and Tybalt stabs under Romeo’s arm.",49056,64,49120,0.0019648,42061.61880493164,data/romeo_juliet_preprocessed.csv,data/benchmark_questions.csv,openai/gpt-5.4-mini
23,easy,gemma-3-4b,"Which witness account does Lady Capulet challenge as biased, and what relationship does she cite as grounds for distrust?","Lady Capulet does, because Benvolio is related to the Montagues.","Validate at dump.md L3325-L3330. Lady Capulet openly claims Benvolio's affection for the Montagues makes him unreliable.

---",[595],"Lady Capulet challenges the account of Friar John, citing his inability to deliver the letter to Romeo as grounds for distrust. She believes his failure to convey the news of Juliet’s planned death is a deliberate attempt to mislead and contribute to the tragic outcome.",INCORRECT,"The answer names Friar John and a letter-delivery failure, but the ground truth says Lady Capulet distrusts Benvolio because he is a kinsman of the Montagues.",49061,53,49114,0.00196456,43509.596824646,data/romeo_juliet_preprocessed.csv,data/benchmark_questions.csv,openai/gpt-5.4-mini
24,medium,gemma-3-4b,What causal factor leads the Prince to commute Romeo's expected death sentence to banishment?,"Because Tybalt had killed Mercutio first, so Romeo's killing of Tybalt is treated as retaliatory and softened from death to exile.","Validate at dump.md L3334-L3356. The Prince weighs Tybalt's earlier violence and then chooses banishment instead of immediate execution.

---","[596, 597, 598]","The Prince commutes Romeo’s death sentence to banishment because he recognizes that Romeo’s actions were motivated by love for Juliet, and that Romeo’s attempt to prevent Juliet’s marriage to Paris was a desperate act driven by grief and a desire to be with her. He acknowledges that Romeo’s actions, while resulting in the deaths of Paris and Romeo himself, stemmed from a profound and tragic love, leading him to believe that a simple execution would not adequately address the circumstances.",INCORRECT,"The answer gives the wrong causal factor, inventing Romeo's love for Juliet and Paris, while the ground truth says the Prince banishes Romeo because Tybalt killed Mercutio first and Romeo's killing of Tybalt is treated as retaliatory.",49057,98,49155,0.0019662,46124.73797798157,data/romeo_juliet_preprocessed.csv,data/benchmark_questions.csv,openai/gpt-5.4-mini
25,medium,gemma-3-4b,Which reported development affects Juliet more severely than Tybalt's death?,Romeo's banishment.,"Validate at dump.md L3474-L3475 and L3540-L3554. Juliet directly says that the word banished wounds her more deeply than Tybalt's death itself.

---","[615, 617, 618, 619, 620, 622]","Juliet is more severely affected by the news of Romeo’s death than by Tybalt’s death. The text explicitly states that she “wills not be” and “would have married” Romeo, and that she “comes to me, And, with wild looks, bid me devise some mean To rid her from this second marriage.” The text emphasizes her despair and desperation over Romeo’s death, indicating a more profound emotional impact than her grief over Tybalt’s demise.",INCORRECT,"The answer contradicts the ground truth by claiming Romeo’s death is the more severe event, while the evidence says Juliet is more deeply wounded by Romeo’s banishment than by Tybalt’s death.",49054,101,49155,0.0019662,48740.31901359558,data/romeo_juliet_preprocessed.csv,data/benchmark_questions.csv,openai/gpt-5.4-mini
26,medium,gemma-3-4b,What newly processed fact causes Juliet to reverse her first verbal attack on Romeo?,"She realizes Tybalt would have killed Romeo, so Tybalt's death means her husband lives.","Validate at dump.md L3487-L3499 and L3525-L3535. Juliet first denounces Romeo and then reverses herself once she rethinks the deadly alternative.

---","[618, 619, 620, 622]","The newly processed fact that causes Juliet to reverse her initial attack on Romeo is the discovery that he died attempting to retrieve her body from the tomb. She realizes that he was trying to fulfill her wishes and that her earlier anger was misplaced, leading her to express a desire for him to “rest” and to acknowledge his “faithful” love.",INCORRECT,"The answer invents a tomb/retrieving-body motive that is not in the ground truth; Juliet reverses herself because she realizes Tybalt would have killed Romeo, so Tybalt's death means Romeo lives.",49054,69,49123,0.00196492,50410.84313392639,data/romeo_juliet_preprocessed.csv,data/benchmark_questions.csv,openai/gpt-5.4-mini
27,medium,gemma-3-4b,What evidence does Romeo cite to argue that banishment is functionally worse than death?,"Because exile means separation from Juliet and Verona, and even the lowest creatures may look on Juliet there while he cannot.","Validate at dump.md L3633-L3673. Romeo frames exile not as relocation but as a living death defined by exclusion from Juliet.

---","[637, 638, 639]","Romeo argues that banishment is functionally worse than death by stating that it would be a “more” terrible fate than death itself. He believes that banishment would prevent him from being with Juliet, and that the thought of being separated from her is a greater suffering than simply dying. He suggests that banishment would be a “glooming peace” and that the sun would not shine, implying it’s a fate far more undesirable than oblivion.",PARTIALLY_CORRECT,"The answer correctly notes that Romeo sees banishment as worse because it separates him from Juliet, but it adds unsupported details like “glooming peace” and omits the key evidence that even lowly creatures may still look on Juliet while he cannot.",49055,90,49145,0.0019657999999999,53263.527154922485,data/romeo_juliet_preprocessed.csv,data/benchmark_questions.csv,openai/gpt-5.4-mini
28,medium,gemma-3-4b,Which three surviving advantages does Friar Laurence list when trying to counter Romeo's despair?,"Juliet is alive, Tybalt is dead instead of Romeo, and the law has changed Romeo's sentence from death to exile.","Validate at dump.md L3841-L3847. Friar Laurence explicitly counts Romeo's remaining advantages in order to shame him out of despair.

---",[669],The dataset does not provide information about the three advantages Friar Laurence lists to counter Romeo’s despair. It only includes his final speech and the reactions of others to the tragedy.,INCORRECT,"The answer fails to name the three advantages and incorrectly claims the dataset lacks the information, while the evidence explicitly says Juliet is alive, Tybalt is dead, and Romeo’s sentence is exile.",49057,37,49094,0.00196376,54469.06900405884,data/romeo_juliet_preprocessed.csv,data/benchmark_questions.csv,openai/gpt-5.4-mini
29,hard,gemma-3-4b,"Following the banishment ruling, what immediate movement plan and longer-term reconciliation plan does Friar Laurence assign to Romeo?","Romeo should go to Juliet that night, leave before the watch, hide in Mantua, and wait while Friar Laurence works to reveal the marriage, reconcile the families, and seek a pardon.","Validate at dump.md L3852-L3860 and L3889-L3895. Friar Laurence combines short-term secrecy with a longer plan for public reconciliation.

---","[669, 670, 671, 672, 674, 675]","According to the dataset, Friar Laurence instructs Romeo to immediately travel to Mantua. For a longer-term reconciliation plan, he advises Romeo to “bear this work of heaven with patience,” essentially suggesting he accept the tragic circumstances and remain with Juliet in her tomb until Romeo can arrange to bring her back to Verona.",INCORRECT,"The answer wrongly says Romeo should go to Juliet’s tomb and accept the situation, whereas the ground truth says he should visit Juliet that night, leave before the watch, hide in Mantua, and wait while Friar Laurence works to reveal the marriage, reconcile the families, and seek a pardon.",49063,64,49127,0.00196508,55996.78993225098,data/romeo_juliet_preprocessed.csv,data/benchmark_questions.csv,openai/gpt-5.4-mini
30,medium,gemma-3-4b,"Which incorrect diagnosis of Juliet's emotional state is shared by Lady Capulet and Paris, and how is it used to justify the marriage schedule?","They think she is consumed by grief for Tybalt, and Paris says the wedding is being hurried to interrupt that grief.","Validate at dump.md L4123-L4127 and L4476-L4485. Both characters misunderstand Juliet's emotions, and that mistake becomes part of the argument for the marriage.

---","[716, 717, 718, 719, 721, 722, 723, 724, 725, 726, 727, 729, 730, 731, 732, 733, 734, 736, 737, 738, 739, 740, 741, 742, 743, 744, 745, 746, 747, 748, 749, 750, 751, 753, 754, 756, 757, 758, 759, 762, 763, 765, 768, 769, 770, 771]","Lady Capulet and Paris both incorrectly diagnose Juliet’s emotional state as being “a melancholy” or “a grief” stemming from the death of Tybalt. They believe this sadness is the reason she is resistant to marrying Paris. This misinterpretation is used to justify accelerating the marriage schedule, as they believe a swift union will alleviate her sorrow and prevent further distress.",CORRECT,The answer correctly identifies that both Lady Capulet and Paris think Juliet is grieving Tybalt and that this misunderstanding is used to justify hurrying the marriage.,49068,75,49143,0.00196572,57785.17293930054,data/romeo_juliet_preprocessed.csv,data/benchmark_questions.csv,openai/gpt-5.4-mini
31,hard,gemma-3-4b,"Which ambiguous statement allows Lady Capulet to infer that Juliet wants Romeo dead, and what does Juliet actually mean by it?","She uses ambiguous phrasing so Lady Capulet hears a wish for Romeo's death, while Juliet means that her own heart is dead until she sees him.","Validate at dump.md L4160-L4195. Juliet's language is deliberately double-layered, allowing her mother to hear loyalty to the family while Juliet preserves loyalty to Romeo.

---","[723, 724, 725, 726, 727]","Lady Capulet infers that Juliet wants Romeo dead based on Juliet’s statement, “This is thy sheath; / I will be brief. O, what dreams may come / When she is fled, and Juliet is dead!” This suggests Juliet intends to end her own life rather than kill Romeo. Juliet actually means she wants to die alongside Romeo, expressing a desire for their deaths to be intertwined, believing that separation is unbearable and preferable to living apart.",INCORRECT,"The answer cites the wrong ambiguous statement and the interpretation is off; the ground truth is that Juliet’s double meaning makes Lady Capulet think she wants Romeo dead, while Juliet actually means her own heart is dead until she sees him.",49063,92,49155,0.0019662,60154.46901321411,data/romeo_juliet_preprocessed.csv,data/benchmark_questions.csv,openai/gpt-5.4-mini
32,easy,gemma-3-4b,What enforcement measures does Capulet threaten if Juliet refuses the marriage order?,"He threatens to drag her to church and, if she still refuses, cast her off to beg, starve, and die in the streets.","Validate at dump.md L4280-L4284, L4297-L4305, and L4353-L4362. Capulet escalates from command to public humiliation and total rejection.

---","[740, 741, 742, 743, 744, 745, 746, 747, 748, 749, 750, 751]",Capulet threatens to “drag her to” a hurdle and “beat” her if she does not comply with the marriage order.,INCORRECT,"The answer invents a threat to beat Juliet and omits the key punishments of being cast off to beg, starve, and die in the streets.",49053,27,49080,0.0019632,61155.76696395874,data/romeo_juliet_preprocessed.csv,data/benchmark_questions.csv,openai/gpt-5.4-mini
33,medium,gemma-3-4b,Which recommendation from the Nurse causes Juliet to treat her as no longer trustworthy?,"The Nurse tells Juliet to marry Paris because Romeo is banished and effectively useless to her, even belittling Romeo beside Paris.","Validate at dump.md L4396-L4409 and L4430-L4449. The Nurse abandons the secret marriage emotionally and politically, and Juliet never trusts her the same way again.

---","[757, 758, 759, 762, 763, 765]","The Nurse’s suggestion that Juliet “treat [her] as no longer trustworthy” stems from the Nurse’s insistence that Juliet “go, get thee to bed; for I would not be seen” and “I must wake you” – implying a desire to control and observe Juliet’s actions, rather than respecting her autonomy and decision-making.",INCORRECT,"The answer refers to an unrelated scene and misses the key recommendation that Juliet marry Paris after Romeo’s banishment, which is what causes Juliet to lose trust in the Nurse.",49054,72,49126,0.00196504,63317.26002693176,data/romeo_juliet_preprocessed.csv,data/benchmark_questions.csv,openai/gpt-5.4-mini
34,hard,gemma-3-4b,"In the Friar's cell, which responses by Juliet sound compliant to Paris but avoid actual acceptance?","She answers in equivocations: she says she may be a wife only when she may be one, says she loves him without naming Paris, and says even her face is not her own.","Validate at dump.md L4496-L4504 and L4524-L4565. Juliet's replies sound compliant on the surface but remain semantically evasive.

---","[774, 775, 776, 777, 779, 780, 781, 782, 783, 784, 785, 786, 788, 790]","Juliet’s responses that appear compliant to Paris but avoid actual acceptance are:

“This is that banish'd haughty Montague, That murder'd my cousin, with which grief, It is supposed, the fair creature died; And here is come to do some villanous shame. To the dead bodies.” and “Thy lips are warm. Poison, I see, hath been his timeless end:  O churl! drunk all, and left no friendly drop To help me after.”",INCORRECT,"The response cites completely unrelated lines from later in the play and misses the key evasive replies in the Friar’s cell about being a wife, loving Paris indirectly, and her face not being her own.",49060,103,49163,0.00196652,65437.71481513977,data/romeo_juliet_preprocessed.csv,data/benchmark_questions.csv,openai/gpt-5.4-mini
35,medium,gemma-3-4b,What demonstration by Juliet convinces Friar Laurence she can endure a deathlike deception?,Her willingness to kill herself rather than marry Paris convinces him she has the nerve for a desperate deathlike stratagem.,"Validate at dump.md L4594-L4623. Juliet displays immediate readiness for self-harm, and Friar Laurence responds by offering a plan that imitates death.

---","[796, 797]","Juliet’s demonstration that she can maintain a seemingly lifeless appearance, including “bearing the weight of death” and “holding the form of death,” convinces Friar Laurence that she can endure a deathlike deception.",PARTIALLY_CORRECT,"It captures the idea of a deathlike deception, but the ground truth says Friar Laurence is convinced by Juliet’s willingness to kill herself rather than marry Paris, which the answer does not state accurately.",49055,44,49099,0.00196396,66722.38516807556,data/romeo_juliet_preprocessed.csv,data/benchmark_questions.csv,openai/gpt-5.4-mini
36,hard,gemma-3-4b,"What are the required steps, actors, and timing constraints in Friar Laurence's potion operation?","She must appear cheerful and consent, sleep alone, drink the vial in bed, seem dead for forty-two hours, be laid in the Capulet vault, and then be recovered by Romeo and the Friar for flight to Mantua.","Validate at dump.md L4642-L4670 and L4681-L4683. Friar Laurence gives a detailed multi-step plan involving deception, timing, burial, communication, and escape.

---","[799, 800, 801]","Here’s a breakdown of Friar Laurence’s potion operation, based solely on the provided dataset:

**Required Steps:**

1.  **Prepare the Potion:** Friar Laurence must “buy” a poison from an apothecary.
2.  **Write a Letter:** He writes a letter to Romeo, informing him of the plan and the location of Juliet.
3.  **Send a Messenger:** He instructs a messenger to deliver the letter to Romeo.
4.  **Administer the Potion:** Friar Laurence arrives at Juliet’s tomb and administers a sleeping potion to make her appear dead.
5.  **Arrange for Romeo’s Arrival:** He plans for Romeo to arrive shortly after Juliet awakens.

**Actors Involved:**

*   **Friar Laurence:** The primary actor, responsible for preparing and administering the potion.
*   **Apothecary:** Sells the poison to Friar Laurence.
*   **Messenger:** Delivers the letter to Romeo.
*   **Romeo:** Receives the letter and travels to Verona.
*   **Juliet:** The recipient of the potion.

**Timing Constraints:**

*   **“Early in the morning”:** Romeo must arrive “as this dire night” (the time Juliet is supposed to awaken).
*   **“Within three hours”:** Friar Laurence states that Juliet must be “come forth” within three hours of waking.

**Note:** The dataset does not provide specific timing details beyond these general constraints.",INCORRECT,"The answer invents an apothecary, messenger, and tomb administration, and misses the actual plan that Juliet must cheerfully consent, sleep alone, drink the vial in bed, appear dead for forty-two hours, be placed in the Capulet vault, and then be recovered by Romeo and the Friar for escape to Mantua.",49059,314,49373,0.00197492,72353.42001914978,data/romeo_juliet_preprocessed.csv,data/benchmark_questions.csv,openai/gpt-5.4-mini
37,medium,gemma-3-4b,"What room-access condition does Juliet create before taking the vial, and why is that condition necessary?",She is following Friar Laurence's instructions so she can secretly take the vial without the Nurse in her chamber.,"Validate at dump.md L4642-L4647 and L4816-L4835. Friar Laurence tells her to lie alone, and Juliet later arranges exactly that condition.

---","[799, 800, 801, 802, 805, 807, 808, 809, 810, 813, 815, 816, 818, 819, 820, 821, 822, 823, 824, 827, 828, 831, 833, 834]",Juliet creates the condition that the room be dark and silent before taking the vial of poison. This is necessary to ensure that she is alone and undisturbed while carrying out her plan to die and appear as if she has simply succumbed to death.,PARTIALLY_CORRECT,"Juliet does ask to be left alone, but the answer adds unsupported details about darkness/silence and wrongly says poison/death instead of following Friar Laurence’s instruction to take the vial secretly without the Nurse in her chamber.",49059,49,49108,0.00196432,73814.14198875427,data/romeo_juliet_preprocessed.csv,data/benchmark_questions.csv,openai/gpt-5.4-mini
38,hard,gemma-3-4b,What failure scenarios does Juliet model before consuming the potion?,"She fears it may fail, may actually be poison from the Friar, may wake her too early in the vault to suffocate, or may leave her mad among corpses, bones, and Tybalt's ghost.","Validate at dump.md L4846-L4893. Juliet mentally simulates several different failure modes before finally drinking the potion.

---","[837, 839]","Juliet models several potential negative outcomes before taking the potion. She fears that the potion will not work, leading to her waking up dead in the tomb. She worries about being trapped in the tomb, surrounded by the bones of her ancestors and experiencing terrifying sights and sounds. She also anticipates that Romeo will not arrive in time to rescue her, and she will die alone and in despair. Finally, she expresses a fear that her actions will be seen as a betrayal of her family and that she will be punished for her defiance.",PARTIALLY_CORRECT,"The answer correctly mentions that Juliet fears the potion may not work and that she may be trapped in the tomb amid horrifying sights and sounds, but it misses key modeled failures like the potion being poison and waking too early to suffocate, and adds unsupported claims about betrayal and punishment.",49050,106,49156,0.00196624,76475.1091003418,data/romeo_juliet_preprocessed.csv,data/benchmark_questions.csv,openai/gpt-5.4-mini
39,medium,gemma-3-4b,"When the Capulet household finds Juliet apparently dead, how does Friar Laurence attempt to reinterpret the event for them?","He says heaven had a share in Juliet and now has her wholly, so she has been advanced to eternal life rather than merely lost.","Validate at dump.md L5127-L5145. Friar Laurence interprets the event in theological terms to calm the household and redirect their grief.

---",[891],"Friar Laurence attempts to reinterpret Juliet’s death as a result of his actions and a “course of love.” He explains that he had married Romeo and Juliet, and that Tybalt’s death caused Romeo to be banished. He then devised a plan for Juliet to feign death, using a sleeping potion, intending to reunite them later. However, the messenger carrying the letter explaining the plan was delayed, and Romeo arrived too late, finding Juliet seemingly dead and taking his own life. He suggests that heaven itself was involved in this tragic outcome, and that all involved—including himself—should be punished for their roles in the events.",INCORRECT,"The answer gives a largely different explanation of the plot and omits Friar Laurence’s actual consolation that heaven had a part in Juliet and now has her wholly, meaning she is advanced to eternal life.",49062,130,49192,0.00196768,78984.14611816406,data/romeo_juliet_preprocessed.csv,data/benchmark_questions.csv,openai/gpt-5.4-mini
40,easy,gemma-3-4b,Which wedding items does Capulet explicitly relabel as funeral items after Juliet is found dead?,"He says every wedding item turns into its funeral opposite: instruments become bells, feast becomes burial meal, hymns become dirges, and bridal flowers serve a corpse.","Validate at dump.md L5149-L5155. Capulet explicitly lists the symbolic reversals from celebration to mourning.


---",[892],"Capulet relabels the “flowers” and “torch” as funeral items, stating “These flowers…serve for a buried corse.”",PARTIALLY_CORRECT,"The answer captures the flower-to-funeral reversal, but it omits the other explicit wedding items Capulet relabels (instruments, feast, and hymns) and incorrectly mentions a torch, which is not in the ground truth.",49057,30,49087,0.00196348,80622.00593948364,data/romeo_juliet_preprocessed.csv,data/benchmark_questions.csv,openai/gpt-5.4-mini
41,easy,gemma-3-4b,"Who delivers the first report that shapes Romeo's understanding of Juliet's condition in Act V, and what corrective document is missing?","Balthasar tells Romeo Juliet has been laid in the Capulet monument, but he has no letter from Friar Laurence.","Validate at dump.md L5319-L5333 and L5349-L5355. Balthasar reports the burial, and Romeo immediately discovers that the Friar has sent no corrective explanation.
---","[927, 928, 929, 930, 931, 932]",Balthasar delivers the first report that shapes Romeo’s understanding of Juliet’s condition. The corrective document – a letter from Friar Laurence – is missing.,CORRECT,The answer correctly identifies Balthasar as the first reporter and states that the missing corrective document is a letter from Friar Laurence.,49066,34,49100,0.001964,82306.61916732788,data/romeo_juliet_preprocessed.csv,data/benchmark_questions.csv,openai/gpt-5.4-mini
42,hard,gemma-3-4b,Which broken communication link causes Romeo to act on a false death report?,"Friar Laurence's letter explaining the potion never reaches Romeo because Friar John is quarantined, so Balthasar's report of Juliet's burial goes uncorrected.","Validate at dump.md L5327-L5339 and L5465-L5482. The false picture is created by Balthasar's sincere but incomplete report and confirmed by the failed delivery of the Friar's letter.

---","[928, 929, 930, 931, 932, 933, 935, 937, 938, 939, 940, 941, 942, 943, 944, 947, 949, 950, 951, 952]","Friar John’s failure to deliver the letter to Romeo, detailing Juliet’s feigned death, causes Romeo to act on a false report of her demise.",CORRECT,"It identifies the broken communication link as Friar John failing to deliver Friar Laurence’s letter, which left Romeo acting on Balthasar’s false/incomplete report of Juliet’s death.",49053,34,49087,0.00196348,83315.97208976746,data/romeo_juliet_preprocessed.csv,data/benchmark_questions.csv,openai/gpt-5.4-mini
43,medium,gemma-3-4b,Which prior legal ruling and follow-up instruction explain Romeo's presence in Mantua at the start of Act V?,"He is there because he was banished after Tybalt's death, and Friar Laurence told him to stay in Mantua until the marriage could be revealed and reconciliation attempted.","Validate at dump.md L3474-L3475 and L3889-L3894. The earlier sentence and Friar Laurence's instructions explain Romeo's location in Act V.

---","[615, 617, 618, 619, 620, 622, 623, 624, 625, 626, 629, 631, 632, 635, 636, 637, 638, 639, 640, 641, 642, 643, 644, 645, 646, 647, 649, 650, 652, 654, 657, 660, 661, 662, 665, 666, 667, 669, 670, 671, 672, 674, 675]","Friar Laurence states that he wrote a letter to Romeo informing him of Juliet’s death and instructing him to travel to Mantua. The letter, however, was delayed by Friar John’s failure to deliver it, causing Romeo to arrive there unaware of the circumstances.",INCORRECT,"The answer contradicts the ground truth by claiming Romeo went to Mantua because of Juliet’s death and a delayed letter, whereas he was there due to banishment and Friar Laurence’s instruction to stay in Mantua until reconciliation could be arranged.",49063,56,49119,0.00196476,84632.27009773254,data/romeo_juliet_preprocessed.csv,data/benchmark_questions.csv,openai/gpt-5.4-mini
44,medium,gemma-3-4b,What economic vulnerability allows Romeo to obtain poison from the Apothecary despite the law?,"His poverty overrules his will, and Romeo exploits that desperation by paying him.","Validate at dump.md L5408-L5433. The Apothecary names the law, but also admits that poverty drives his decision to violate it.

---","[939, 940, 941, 942, 943]","The dataset does not provide enough information to determine the specific economic vulnerability that allowed Romeo to obtain poison from the apothecary. It only states that the apothecary “was stay’d by accident, and yesternight Return’d my letter back” and that “he which bore my letter, Friar John, Was sell[ing] a poison.” It does not detail the apothecary’s financial situation or any other factors contributing to his willingness to break the law.",INCORRECT,"The answer contradicts the evidence by claiming insufficient information and introducing unrelated details, while the ground truth clearly says the apothecary’s poverty drives him to consent and Romeo pays him.",49055,93,49148,0.00196592,86950.68311691284,data/romeo_juliet_preprocessed.csv,data/benchmark_questions.csv,openai/gpt-5.4-mini
45,hard,gemma-3-4b,"What cover story does Romeo give Balthasar for entering the tomb, and what later evidence shows it is not his full motive?","He says he mainly needs a ring from Juliet's finger, but later evidence shows he came to die beside Juliet.","Validate at dump.md L5562-L5566 and L6067-L6071. Romeo gives Balthasar a partial explanation, but the Prince later reads a letter that reveals Romeo's real intention.

---","[967, 968, 969, 970, 972, 974, 976, 977, 978, 979, 981, 985, 987, 989, 991, 993, 994, 996, 997, 1000, 1001, 1002, 1003, 1004, 1005, 1008, 1010, 1012, 1014, 1016, 1017, 1019, 1021, 1025, 1027, 1030, 1031, 1034, 1036, 1037, 1039, 1041, 1042, 1043, 1044, 1045, 1046, 1047, 1048, 1050, 1051, 1052, 1053, 1054, 1055, 1056, 1057, 1058, 1059, 1060, 1061, 1062]","Romeo tells Balthasar that he wants to see if Juliet is still alive. However, the text later reveals that Romeo’s intention was to kill himself in her tomb, as he could not live without her.",INCORRECT,"Romeo does not say he is checking whether Juliet is alive; he says he needs a ring from her dead finger, and the later evidence shows he came to die beside Juliet.",49065,44,49109,0.00196436,88203.9008140564,data/romeo_juliet_preprocessed.csv,data/benchmark_questions.csv,openai/gpt-5.4-mini
46,easy,gemma-3-4b,What observed behavior causes Balthasar to remain nearby instead of fully leaving?,He hides nearby because Romeo looks dangerous and Balthasar distrusts his intentions.,"Validate at dump.md L5581-L5587. Balthasar says directly that he fears Romeo's looks and doubts his intent.

---","[969, 970]","Balthasar remains nearby because he fears that Romeo will be angry with him for bringing the news of Juliet’s death. He states, “I brought my master news of Juliet’s death; And then in post he came from Mantua To this same place, to this same monument. This letter he early bid me give his father, And threatened me with death, going in the vault, I departed not and left him there.”",INCORRECT,"The answer invents a different reason and quote, while the ground truth says Balthasar hides nearby because he fears Romeo’s looks and doubts his intentions.",49054,89,49143,0.00196572,89787.55903244019,data/romeo_juliet_preprocessed.csv,data/benchmark_questions.csv,openai/gpt-5.4-mini
47,medium,gemma-3-4b,"At the tomb, what role does Paris assign to himself and what support role does the Page perform?","Paris comes to strew Juliet's grave with flowers and mourn her, while the Page stands watch, signals if anyone approaches, and later summons the watch.","Validate at dump.md L5517-L5525, L5536-L5547, and L6059-L6063. These lines establish both Paris's mourning ritual and the Page's practical role.

---","[959, 960, 962, 964, 967, 968, 969, 970, 972, 974, 976, 977, 978, 979, 981, 985, 987, 989, 991, 993, 994, 996, 997, 1000, 1001, 1002, 1003, 1004, 1005, 1008, 1010, 1012, 1014, 1016, 1017, 1019, 1021, 1025, 1027, 1030, 1031, 1034, 1036, 1037, 1039, 1041, 1042, 1043, 1044, 1045, 1046, 1047, 1048, 1050, 1051, 1052, 1053, 1054, 1055, 1056, 1057, 1058, 1059, 1060, 1061]","At the tomb, Paris assigns himself the role of observing and ensuring that the scene unfolds as he expects, while the Page’s role is to stand guard and alert the watch to any disturbances.",PARTIALLY_CORRECT,"The answer correctly captures the Page’s guarding and alerting role, but it misses Paris’s specific role of strowing Juliet’s grave with flowers and mourning her.",49059,40,49099,0.00196396,90895.59698104858,data/romeo_juliet_preprocessed.csv,data/benchmark_questions.csv,openai/gpt-5.4-mini
48,medium,gemma-3-4b,Which assumptions lead Paris to classify Romeo as a criminal intruder at the tomb?,"Paris thinks Romeo is the banished Montague who killed Tybalt, helped cause Juliet's death, and has now come to dishonor the dead.","Validate at dump.md L5602-L5613. Paris openly states the assumptions that shape his hostile interpretation of Romeo's presence.

---","[974, 976]","Based on the provided text, Paris assumes Romeo is a criminal intruder at the tomb due to several factors. Firstly, he had been warned that Romeo would be there, seeking to disturb the burial of Paris and Juliet. Secondly, he observed Romeo drawing his sword and engaging in a fight with Paris within the tomb itself. Finally, he perceived Romeo’s actions as a violation of the sanctity of the grave and a challenge to his own claim as the husband of Juliet.",INCORRECT,"The answer invents details about warnings, a fight, and Paris’s marital claim, but the ground truth says Paris classifies Romeo as the banished Montague who killed Tybalt, is blamed for Juliet’s death, and is dishonoring the dead.",49054,94,49148,0.00196592,92624.33004379272,data/romeo_juliet_preprocessed.csv,data/benchmark_questions.csv,openai/gpt-5.4-mini
49,medium,gemma-3-4b,"Before the duel with Paris, what does Romeo disclose about his mental state and self-directed intent?","He says he is desperate, warns Paris not to provoke him, and admits he came armed against himself.","Validate at dump.md L5617-L5626. Romeo describes himself as desperate and self-destructive before the fight begins.

---",[977],"Romeo expresses a feeling of being driven by a desperate need to act, stating that he “will be gone” and that he “will not be troubled” by any concerns. He indicates a willingness to embrace a violent outcome, declaring that he “will” fight, and that he “will” take the “poison” if necessary. He also reveals a sense of self-directed destruction, suggesting he is prepared to “die” to be with Juliet.",INCORRECT,"The answer adds unsupported details about poison and dying to be with Juliet, and it misses the specific ground-truth points that Romeo warns Paris not to provoke him and says he came armed against himself.",49059,92,49151,0.0019660399999999,94390.78497886658,data/romeo_juliet_preprocessed.csv,data/benchmark_questions.csv,openai/gpt-5.4-mini
50,medium,gemma-3-4b,"After Paris is wounded, what new identity links does Romeo recognize, and how does that affect his treatment of Paris's body?","Romeo recognizes Paris as Mercutio's kinsman and Juliet's would-be bridegroom, then grants Paris's wish to be laid in the tomb with Juliet.","Validate at dump.md L5651-L5652 and L5658-L5671. Romeo's understanding of Paris changes after the duel, and he responds with burial rather than further contempt.

---","[985, 987]","Romeo recognizes that Paris was “a friend, and one that knows you well.” He also recognizes that Paris “came with flowers to strew his lady’s grave; And bid me stand aloof, and so I did: Anon comes one with light to ope the tomb; And by and by my master drew on him; And then I ran away to call the watch.” This recognition of Paris as a friend, and his role in honoring Juliet’s grave, affects Romeo’s treatment of Paris’s body by leading him to believe he was “a friend” and to express a desire to “punish” him, rather than simply viewing him as an enemy.",INCORRECT,"The answer invents details about Paris being “a friend” and wanting to “punish” him, which contradicts the ground truth that Romeo recognizes Paris as Mercutio’s kinsman and Juliet’s would-be bridegroom and then agrees to lay him in the tomb with Juliet.",49065,136,49201,0.00196804,97362.65110969543,data/romeo_juliet_preprocessed.csv,data/benchmark_questions.csv,openai/gpt-5.4-mini
51,medium,gemma-3-4b,Which physical observations cause Romeo to doubt that Juliet has fully succumbed to death?,"Her lips and cheeks are still crimson rather than pale, so he thinks death has not yet erased her beauty.","Validate at dump.md L5678-L5694. Romeo's observations show that Juliet's body still appears unusually alive.

---",[989],"Romeo observes that Juliet’s lips are warm, and that she appears to be “not conquer’d,” suggesting she retains some life and vitality despite appearing dead. He also notes that her beauty remains, and that “death’s pale flag is not advanced there.”",CORRECT,"The answer correctly identifies Romeo’s observation that Juliet’s lips and cheeks remain crimson and that death has not yet made her pale, matching the ground truth.",49054,55,49109,0.00196436,98749.81188774107,data/romeo_juliet_preprocessed.csv,data/benchmark_questions.csv,openai/gpt-5.4-mini
52,easy,gemma-3-4b,What exact quarantine conditions prevent Friar John from completing delivery of Friar Laurence's letter?,"He is quarantined with another friar in a suspected plague house, and no messenger will carry the letter for fear of infection.","Validate at dump.md L5465-L5482. Friar John explains both the quarantine and the secondary failure to find another messenger.

---","[950, 951, 952]","Friar John was unable to deliver the letter due to a quarantine imposed on the city of Verona. Specifically, the city was sealed up to prevent the spread of an infectious disease, which prevented Friar John from moving freely and delivering the letter as planned.",PARTIALLY_CORRECT,"It correctly notes quarantine and fear of infection, but misses the specific condition that Friar John was confined with another friar in a suspected plague house and could not find any messenger to carry the letter.",49058,52,49110,0.0019644,100233.6151599884,data/romeo_juliet_preprocessed.csv,data/benchmark_questions.csv,openai/gpt-5.4-mini
53,hard,gemma-3-4b,"What end-to-end recovery plan did Friar Laurence originally design for Juliet's waking, and which failure point prevents execution?","Romeo was supposed to learn the plan by letter, come to the vault when Juliet awoke, and take her to Mantua, but the undelivered letter leaves him ignorant and the reunion never happens.","Validate at dump.md L4666-L4683 and L5465-L5507. The earlier scene lays out the intended reunion, and the later scene shows the communication breakdown that destroys it.

---","[799, 800, 801, 802, 805, 807, 808, 809, 810, 813, 815, 816, 818, 819, 820, 821, 822, 823, 824, 827, 828, 831, 833, 834, 835, 837, 839, 842, 843, 845, 846, 848, 850, 853, 854, 856, 857, 859, 861, 863, 866, 868, 870, 871, 872, 873, 874, 876, 879, 880, 882, 884, 885, 886, 887, 888, 889, 890, 891, 892, 893, 895, 896, 898, 904, 906, 907, 908, 909, 911, 912, 913, 914, 915, 917, 918, 919, 921, 922, 925, 927, 928, 929, 930, 931, 932, 933, 935, 937, 938, 939, 940, 941, 942, 943, 944, 947, 949, 950, 951, 952, 953, 956]","Friar Laurence’s plan involved administering a sleeping potion to Juliet, causing her to appear dead so she could escape marrying Paris and reunite with Romeo. The intended sequence was for her to awaken in the tomb with Romeo present to take her away to Mantua. However, the failure point preventing execution was Friar John’s delay in delivering the letter to Romeo, which meant Romeo did not receive the news of the potion and instead believed Juliet was truly dead, leading him to take his own life.",CORRECT,"The answer accurately states the plan for Romeo to learn it by letter, come to the vault when Juliet awoke, and take her to Mantua, and correctly identifies the undelivered letter as the failure point that prevents it.",49066,101,49167,0.0019666799999999,102219.72608566284,data/romeo_juliet_preprocessed.csv,data/benchmark_questions.csv,openai/gpt-5.4-mini
54,medium,gemma-3-4b,Which earlier family actions create the coercive environment that pushes Juliet toward the potion plan?,"Lady Capulet announces a Thursday marriage to Paris, and Capulet then forces the issue by threatening to drag Juliet to church or reject her if she refuses.","Validate at dump.md L4216-L4230 and L4276-L4305. These scenes show the social and parental coercion that makes the Friar's dangerous plan seem like Juliet's only escape.

---","[732, 733, 734, 736, 737, 738, 739, 740, 741, 742, 743]","The dataset indicates that Juliet’s family actions create a coercive environment pushing her toward the potion plan. Specifically, her father’s insistence on marrying her to Paris quickly, despite her feelings, and the overall atmosphere of hostility between the Montagues and Capulets—resulting in Tybalt’s death and Romeo’s banishment—contribute to her distress and sense of hopelessness. The family’s pressure to conform to their expectations and the resulting conflict create a situation where Juliet feels trapped and sees the potion as a way to escape the unwanted marriage and, ultimately, to be with Romeo.",PARTIALLY_CORRECT,"It correctly mentions Capulet’s forced marriage pressure, but adds irrelevant/unsupported conflict details and misses the specific Lady Capulet announcement and Capulet’s threat to drag Juliet to church or disown her.",49055,121,49176,0.0019670399999999,104422.55520820618,data/romeo_juliet_preprocessed.csv,data/benchmark_questions.csv,openai/gpt-5.4-mini
55,medium,gemma-3-4b,"Besides Friar Laurence, which named person is explicitly identified as knowing about the secret marriage?",The Nurse.,"Validate at dump.md L6031-L6032. Friar Laurence directly states that Juliet's Nurse is privy to the marriage.

---",[1057],The Nurse is explicitly identified as knowing about the secret marriage.,CORRECT,The answer matches the ground truth exactly by naming the Nurse as the person explicitly said to know about the secret marriage.,49057,13,49070,0.0019628,105193.91798973083,data/romeo_juliet_preprocessed.csv,data/benchmark_questions.csv,openai/gpt-5.4-mini
56,medium,gemma-3-4b,"When Juliet regains consciousness in the tomb, what facts does she immediately know and what crucial deaths has she not yet learned?","She remembers where she should be and immediately asks for Romeo, but she does not yet know that Romeo and Paris are dead.","Validate at dump.md L5799-L5801 and L5811-L5812. Juliet wakes with enough context to orient herself, but only then learns the tragic outcome.

---","[1012, 1014]","Juliet immediately knows that Romeo is dead and that she herself has killed Paris. She is aware of her own death and that she lies beside Romeo in the tomb. However, she has not yet learned of the deaths of her parents, the Prince, or Friar John.",INCORRECT,"The answer contradicts the ground truth by saying Juliet already knows Romeo and Paris are dead and invents extra deaths she has not learned, whereas she only knows where she is and asks for Romeo.",49064,56,49120,0.0019648,107436.23185157776,data/romeo_juliet_preprocessed.csv,data/benchmark_questions.csv,openai/gpt-5.4-mini
57,hard,gemma-3-4b,What two factors cause Friar Laurence's extraction attempt to fail after Juliet wakes?,"He hears the watch coming and says their plan has been thwarted, and although he offers to hide Juliet in a nunnery, she refuses and he loses nerve at the approaching noise.","Validate at dump.md L5807-L5825 and L6026-L6030. The immediate danger is the approaching watch, and Friar Laurence later admits that fear and Juliet's refusal ended his effort.

---","[1014, 1016, 1017, 1019, 1021, 1025, 1027, 1030, 1031, 1034, 1036, 1037, 1039, 1041, 1042, 1043, 1044, 1045, 1046, 1047, 1048, 1050, 1051, 1052, 1053, 1054, 1055, 1056, 1057]","Friar Laurence’s attempt to extract Juliet from the tomb fails due to two factors: first, the messenger carrying his letter to Romeo was delayed, preventing Romeo from arriving in time to help; and second, Juliet, upon waking, “too desperate, would not go with him,” instead taking her own life.",INCORRECT,"The answer describes the wrong failure causes for the specific moment after Juliet wakes, omitting the approaching watch and Friar Laurence’s fear, and instead talks about the earlier lost letter and Romeo’s absence.",49056,64,49120,0.0019648,108936.30313873292,data/romeo_juliet_preprocessed.csv,data/benchmark_questions.csv,openai/gpt-5.4-mini
58,easy,gemma-3-4b,"What physical evidence leads Juliet to infer poison, and why does she switch to the dagger?","She sees the cup in Romeo's hand and concludes poison killed him, and when kissing him yields no poison for her, she takes his dagger and stabs herself.","Validate at dump.md L5827-L5852. Juliet reasons from the visible cup, tries to join Romeo by poison, fails, and then switches methods.

---","[1019, 1021, 1025, 1027]","Juliet infers poison from the apothecary’s description of a drug he sells, stating “This is thy sheath; / Poison, I see, hath been his timeless end.” She initially believes the poison was used to kill Romeo. However, when she realizes she cannot find the apothecary, and fearing she will be forced to marry Paris, she switches to a dagger, stating “Thou detestable maw, thou womb of death, / Gorged with the dearest morsel of the earth, / This dagger hath mista'en—for, lo, his house / Is empty on the back of Montague—”.",INCORRECT,"The answer invents an apothecary explanation and a marriage-to-Paris motive, while the ground truth says Juliet sees the cup in Romeo’s hand, kisses him to check for poison, and then uses Romeo’s dagger when that fails.",49057,124,49181,0.00196724,111171.7369556427,data/romeo_juliet_preprocessed.csv,data/benchmark_questions.csv,openai/gpt-5.4-mini
59,hard,gemma-3-4b,"In his formal explanation, how does Friar Laurence reconstruct the causal chain from the secret marriage to the final deaths?","He says the secret marriage was followed by Tybalt's death and Romeo's banishment, Juliet then pined and was pushed toward Paris, she threatened suicide and took the sleeping potion, the letter failed, Romeo and Paris died before she awoke, and Juliet then killed herself.","Validate at dump.md L5997-L6035. Friar Laurence gives the play's clearest causal summary, linking private choices, public pressures, failed communication, and the final deaths.

---",[1057],"Friar Laurence reconstructs the chain of events as follows: He secretly married Romeo and Juliet. A messenger carrying a letter to Romeo was delayed, preventing him from learning of the marriage and Juliet’s planned sleeping potion. Consequently, Romeo, believing Juliet dead, returned to Verona and killed Paris. Upon awakening and finding Romeo dead, Juliet, distraught, took her own life.",PARTIALLY_CORRECT,"The answer includes the secret marriage, the failed letter, and the final deaths, but it omits key steps from the ground truth such as Tybalt’s death, Romeo’s banishment, Juliet’s pressure to marry Paris and her threat of suicide before taking the potion.",49062,76,49138,0.00196552,112746.9518184662,data/romeo_juliet_preprocessed.csv,data/benchmark_questions.csv,openai/gpt-5.4-mini
60,hard,gemma-3-4b,"After Romeo's letter is read, what findings does the Prince make, and what remedial action do Capulet and Montague take?","He concludes the letter confirms Friar Laurence's account and that the feud has brought this scourge, while he too is punished for tolerating it, and Capulet and Montague reconcile and promise gold statues for Juliet and Romeo.","Validate at dump.md L6067-L6076 and L6080-L6095. The Prince accepts the written evidence, interprets the tragedy as the product of the feud, and the two fathers seal a public reconciliation.","[1062, 1063, 1064, 1065]","The Prince finds that Romeo purchased poison from an apothecary, and that Romeo and Paris both died in the tomb. He also notes that Friar Laurence was involved in the events, having devised the plan to make Juliet appear dead. Capulet and Montague agree to honor Juliet’s memory by raising a statue of her in gold, and to forgive each other for their feud, recognizing that their hatred caused the tragic deaths of their children.",PARTIALLY_CORRECT,"The answer correctly notes the Prince’s acceptance of the letter and the golden statue reconciliation, but it adds unsupported details about Paris and Friar Laurence and misses the Prince’s explicit statement that he too is punished for tolerating the feud.",49065,87,49152,0.00196608,114463.04416656494,data/romeo_juliet_preprocessed.csv,data/benchmark_questions.csv,openai/gpt-5.4-mini
